{
    "Non Self-Harm": {
        "precision": 0.9183006535947712,
        "recall": 0.9133261105092091,
        "f1-score": 0.9158066268332428,
        "support": 923.0
    },
    "Terindikasi Self-Harm": {
        "precision": 0.8893499308437067,
        "recall": 0.8955431754874652,
        "f1-score": 0.8924358084663429,
        "support": 718.0
    },
    "accuracy": 0.9055453991468617,
    "macro avg": {
        "precision": 0.9038252922192389,
        "recall": 0.9044346429983372,
        "f1-score": 0.9041212176497928,
        "support": 1641.0
    },
    "weighted avg": {
        "precision": 0.9056336097585346,
        "recall": 0.9055453991468617,
        "f1-score": 0.9055810036842883,
        "support": 1641.0
    }
}