{
    "Non Self-Harm": {
        "precision": 0.914616497829233,
        "recall": 0.9132947976878613,
        "f1-score": 0.9139551699204628,
        "support": 1384.0
    },
    "Terindikasi Self-Harm": {
        "precision": 0.8888888888888888,
        "recall": 0.8905380333951762,
        "f1-score": 0.8897126969416126,
        "support": 1078.0
    },
    "accuracy": 0.9033306255077173,
    "macro avg": {
        "precision": 0.9017526933590609,
        "recall": 0.9019164155415187,
        "f1-score": 0.9018339334310377,
        "support": 2462.0
    },
    "weighted avg": {
        "precision": 0.9033515252712756,
        "recall": 0.9033306255077173,
        "f1-score": 0.9033404721661163,
        "support": 2462.0
    }
}